"x_fb_i","w_fb_i","z_fbU_i","z_fbL_i"
0,-2.49738058734541e-20,0.000732297137047046,-0.000199135012402125
3.89653245869674e-05,2.69314892530715e-05,0.000732297137047046,-0.000252008222877756
7.79306491739349e-05,5.37428006761236e-05,0.000732297137047046,-0.000356130180581524
0.000116895973760902,8.04341506944941e-05,0.000727750173872615,-0.000383660198990107
0.00015586129834787,0.000107005755733521,0.00075842602632026,-0.00041119021739869
0.000194826622934837,0.000133457832218543,0.000789101878767905,-0.000438720235807273
0.000233791947521805,0.000159790596574897,0.00081977773121555,-0.000466250254215856
0.000272757272108772,0.000186004265227922,0.000830915616325667,-0.000493780272624439
0.00031172259669574,0.000212099054602955,0.000858749244369569,-0.000521310291033021
0.000350687921282707,0.000238075181125336,0.000886582872413471,-0.000548840309441604
0.000389653245869675,0.0002639328612204,0.000914416500457372,-0.000576370327850187
0.000428618570456642,0.000289672311313488,0.000942250128501274,-0.00060390034625877
0.000467583895043609,0.000315293747829936,0.000970083756545176,-0.000631430364667353
0.000506549219630577,0.000340797387195083,0.000997917384589078,-0.000658960383075936
0.000545514544217544,0.000366183445834267,0.00102575101263298,-0.000686490401484519
0.000584479868804512,0.000391452140172825,0.00105358464067688,-0.000714020419893102
0.000623445193391479,0.000416603686636096,0.00108141826872078,-0.000741550438301685
0.000662410517978447,0.000441638301649419,0.00110925189676468,-0.000769080456710268
0.000701375842565414,0.000466556201638129,0.00113708552480859,-0.000796610475118851
0.000740341167152382,0.000491357603027567,0.00116491915285249,-0.000824140493527434
0.000779306491739349,0.00051604272224307,0.00119275278089639,-0.000851670511936016
0.000818271816326316,0.000540611775709976,0.00122058640894029,-0.000879200530344599
0.000857237140913284,0.000565064979853622,0.00124842003698419,-0.000906730548753182
0.000896202465500251,0.000589402551099347,0.0012762536650281,-0.000934260567161765
0.000935167790087219,0.00061362470587249,0.001304087293072,-0.000961790585570348
0.000974133114674186,0.000637731660598387,0.0013319209211159,-0.000989320603978931
0.00101309843926115,0.000661723631702378,0.0013597545491598,-0.00101685062238751
0.00105206376384812,0.000685600835609799,0.0013875881772037,-0.0010443806407961
0.00109102908843509,0.00070936348874599,0.0014154218052476,-0.00107191065920468
0.00112999441302206,0.000733011807536288,0.00144325543329151,-0.00109944067761326
0.00116895973760902,0.00075654600840603,0.00147108906133541,-0.00112697069602185
0.00120792506219599,0.000779966307780556,0.00149142233100629,-0.0011648851652694
0.00124689038678296,0.000803272922085203,0.00149950800294074,-0.00118513791121638
0.00128585571136993,0.000826466067745309,0.00150759367487518,-0.00120539065716337
0.00132482103595689,0.000849545961186212,0.00151567934680962,-0.00122564340311036
0.00136378636054386,0.000872512818833251,0.00152376501874407,-0.00124589614905735
0.00140275168513083,0.000895366857111763,0.00153793114951923,-0.00128197520320516
0.0014417170097178,0.000918108292447086,0.0015441969200684,-0.00131142764686071
0.00148068233430476,0.000940737341264559,0.00155046269061757,-0.00134088009051626
0.00151964765889173,0.000963254219989518,0.00155672846116674,-0.00137033253417181
0.0015586129834787,0.000985659145047303,0.00156299423171591,-0.00139978497782736
0.00159757830806567,0.00100795233286325,0.00156926000226508,-0.00142923742148291
0.00163654363265263,0.0010301339998627,0.00158410216482899,-0.00147164405288846
0.0016755089572396,0.00105220436247099,0.00159384127189433,-0.00150519975091975
0.00171447428182657,0.00107416363711346,0.00160358037895966,-0.00153875544895104
0.00175343960641354,0.00109601204021544,0.001613319486025,-0.00157231114698234
0.0017924049310005,0.00111774978820227,0.00162887423892923,-0.00161347511887111
0.00183137025558747,0.0011393770974993,0.00164011829463154,-0.00164644828941556
0.00187033558017444,0.00116089418453186,0.00165136235033384,-0.00167679735707941
0.00190930090476141,0.00118230126572528,0.00166260640603615,-0.00171226669542502
0.00194826622934837,0.00120359855750491,0.00167385046173845,-0.00174510413112114
0.00198723155393534,0.00122478627629608,0.00168109486320706,-0.00177410082416005
0.00202619687852231,0.00124586463852414,0.00168351007550519,-0.00181065093644889
0.00206516220310927,0.00126683386061441,0.00168977184715959,-0.00184335282314089
0.00210412752769624,0.00128769415899224,0.00169607798923592,-0.00187099732971509
0.00214309285228321,0.00130844575008297,0.00168555543248855,-0.00189195793180046
0.00218205817687018,0.00132908885031193,0.00168110946611677,-0.00192431467585197
0.00222102350145714,0.00134962367610447,0.00167487543422955,-0.00195061428724901
0.00225998882604411,0.00137005044388591,0.00168878613725663,-0.0019724525959536
0.00229895415063108,0.0013903693700816,0.00170269684028372,-0.00200487731658149
0.00233791947521805,0.00141058067111688,0.00171660754331081,-0.00202982541836387
0.00237688479980501,0.00143068456341707,0.0017305182463379,-0.00205273627171874
0.00241585012439198,0.00145068126340754,0.00174442894936499,-0.00208504145578517
0.00245481544897895,0.0014705709875136,0.00175833965239208,-0.00210041840919327
0.00249378077356592,0.0014903539521606,0.00177225035541917,-0.00213435405040391
0.00253274609815288,0.00151003037377387,0.00178616105844626,-0.00215467118075124
0.00257171142273985,0.00152960046877876,0.00180007176147334,-0.00217498831109858
0.00261067674732682,0.0015490644536006,0.00181398246450043,-0.00219530544144591
0.00264964207191379,0.00156842254466473,0.00182789316752752,-0.00221562257179324
0.00268860739650075,0.00158767495839649,0.00184180387055461,-0.00223593970214058
0.00272757272108772,0.00160682191122122,0.0018557145735817,-0.00225625683248791
0.00276653804567469,0.00162586361956425,0.00186962527660879,-0.00227657396283525
0.00280550337026166,0.00164480029985092,0.00188353597963588,-0.00229689109318258
0.00284446869484862,0.00166363216850657,0.00189744668266297,-0.00231720822352991
0.00288343401943559,0.00168235944195654,0.00191135738569006,-0.00233752535387725
0.00292239934402256,0.00170098233662616,0.00192526808871714,-0.00235784248422458
0.00296136466860953,0.00171950106894078,0.00193917879174423,-0.00237815961457192
0.00300032999319649,0.00173791585532573,0.00195308949477132,-0.00239847674491925
0.00303929531778346,0.00175622691220635,0.00196700019779841,-0.00241879387526658
0.00307826064237043,0.00177443445600798,0.0019809109008255,-0.00243911100561392
0.0031172259669574,0.00179253870315596,0.00199482160385259,-0.00245942813596125
0.00315619129154436,0.00181053987007562,0.00200873230687968,-0.00247974526630859
0.00319515661613133,0.0018284381731923,0.00202264300990677,-0.00250006239665592
0.0032341219407183,0.00184623382893134,0.00203655371293385,-0.00252037952700325
0.00327308726530527,0.00186392705371808,0.00205046441596094,-0.00254069665735059
0.00331205258989223,0.00188151806397786,0.00203197657504124,-0.00256101378769792
0.0033510179144792,0.00189900707613601,0.00202492983685973,-0.00258133091804526
0.00338998323906617,0.00191639430661788,0.00202821683879337,-0.00260164804839259
0.00342894856365314,0.00193367997184879,0.00203150384072702,-0.00262196517873992
0.0034679138882401,0.00195086428825409,0.00203479084266066,-0.00264228230908726
0.00350687921282707,0.00196794747225912,0.00203807784459431,-0.00266259943943459
0.00354584453741404,0.00198492974028921,0.00204136484652795,-0.00268291656978193
0.00358480986200101,0.00200181130876971,0.0020446518484616,-0.00270323370012926
0.00362377518658797,0.00201859239412595,0.00204793885039524,-0.00272355083047659
0.00366274051117494,0.00203527321278326,0.00205122585232888,-0.00274386796082393
0.00370170583576191,0.00205185398116699,0.00205451285426253,-0.00276418509117126
0.00374067116034888,0.00206833491570248,0.00205779985619617,-0.0027845022215186
0.00377963648493584,0.00208471623281506,0.00206108685812982,-0.00280481935186593
0.00381860180952281,0.00210099814893007,0.00206437386006346,-0.00282513648221326
0.00385756713410978,0.00211718088047284,0.00206766086199711,-0.00298824931282558
0.00389653245869674,0.00213326464386873,0.00207094786393075,-0.00289760106403448
0.00393549778328371,0.00214924965554306,0.0020742348658644,-0.00322544272314159
0.00397446310787068,0.00216513613192117,0.00207752186779804,-0.00323908575230203
0.00401342843245765,0.0021809242894284,0.00208080886973169,-0.00300632737084451
0.00405239375704461,0.00219661434449009,0.00208409587166533,-0.00326624062838386
0.00409135908163158,0.00221220651353158,0.00208738287359898,-0.00327975135942433
0.00413032440621855,0.0022277010129782,0.00209066987553262,-0.0032932188911351
0.00416928973080552,0.0022430980592553,0.00209395687746627,-0.00330664245548296
0.00420825505539249,0.0022583978687882,0.00209724387939991,-0.0032242545804879
0.00424722037997945,0.00227360065800226,0.00210053088133355,-0.00332810233305952
0.00428618570456642,0.0022887066433228,0.0021038178832672,-0.00333435463218082
0.00432515102915339,0.00230371604117517,0.00210710488520084,-0.00334060693130212
0.00436411635374035,0.0023186290679847,0.00211039188713449,-0.00334685923042342
0.00440308167832732,0.00233344594017673,0.00211367888906813,-0.00335311152954472
0.00444204700291429,0.0023481668741766,0.00211696589100178,-0.00335936382866602
0.00448101232750126,0.00236279208640964,0.00212025289293542,-0.00336561612778732
0.00451997765208822,0.0023773217933012,0.00212353989486907,-0.00337186842690862
0.00455894297667519,0.00239175621127662,0.00212682689680271,-0.00337812072602991
0.00459790830126216,0.00240609555676122,0.00213011389873636,-0.00338437302515121
0.00463687362584913,0.00242034004618036,0.00213340090067,-0.00339062532427251
0.00467583895043609,0.00243448989595936,0.00213668790260365,-0.00339687762339381
0.00471480427502306,0.00244854532252357,0.00213997490453729,-0.00340312992251511
0.00475376959961003,0.00246250654229832,0.00214326190647094,-0.00340938222163641
0.004792734924197,0.00247637377170895,0.00214654890840458,-0.00341563452075771
0.00483170024878396,0.0024901472271808,0.00214983591033823,-0.00342188681987901
0.00487066557337093,0.0025038271251392,0.00215312291227187,-0.00342813911900031
0.0049096308979579,0.00251741368200951,0.00215640991420551,-0.00343439141812161
0.00494859622254487,0.00253090711421704,0.00215969691613916,-0.00344064371724291
0.00498756154713183,0.00254430763818715,0.0021629839180728,-0.00344689601636421
0.0050265268717188,0.00255761547034516,0.00216627092000645,-0.00345314831548551
0.00506549219630577,0.00257083082711643,0.00216955792194009,-0.00345940061460681
0.00510445752089274,0.00258395392492628,0.00217284492387374,-0.0034656529137281
0.0051434228454797,0.00259698498020005,0.00217613192580738,-0.0034719052128494
0.00518238817006667,0.00260992420936308,0.00217941892774103,-0.0034781575119707
0.00522135349465364,0.00262277182884071,0.00218270592967467,-0.003484409811092
0.00526031881924061,0.00263552805505828,0.00218599293160832,-0.0034906621102133
0.00529928414382757,0.00264819310444113,0.00218927993354196,-0.0034969144093346
0.00533824946841454,0.00266076719341459,0.00219256693547561,-0.0035031667084559
0.00537721479300151,0.002673250538404,0.00219585393740925,-0.0035094190075772
0.00541618011758848,0.0026856433558347,0.0021991409393429,-0.0035156713066985
0.00545514544217544,0.00269794586213203,0.00220242794127654,-0.0035219236058198
0.00549411076676241,0.00271015827372132,0.00220571494321019,-0.0035281759049411
0.00553307609134938,0.00272228080702792,0.00220900194514383,-0.0035344282040624
0.00557204141593635,0.00273431367847715,0.00221228894707748,-0.0035406805031837
0.00561100674052331,0.00274625710449437,0.00221557594901112,-0.003546932802305
0.00564997206511028,0.00275811130150491,0.00221886295094476,-0.0035531851014263
0.00568893738969725,0.0027698764859341,0.00222214995287841,-0.00355943740054759
0.00572790271428422,0.00278155287420728,0.00222543695481205,-0.00356568969966889
0.00576686803887118,0.0027931406827498,0.0022287239567457,-0.00357194199879019
0.00580583336345815,0.00280464012798698,0.00223201095867934,-0.00357819429791149
0.00584479868804512,0.00281605142634418,0.00223529796061299,-0.00358444659703279
0.00588376401263209,0.00282737479424672,0.00223858496254663,-0.00359069889615409
0.00592272933721905,0.00283861044811994,0.00224187196448028,-0.00359695119527539
0.00596169466180602,0.00284975860438918,0.00224515896641392,-0.00360320349439669
0.00600065998639299,0.00286081947947979,0.00224844596834757,-0.00360945579351799
0.00603962531097995,0.00287179328981709,0.00225173297028121,-0.00361570809263929
0.00607859063556692,0.00288268025182643,0.00225501997221486,-0.00362196039176059
0.00611755596015389,0.00289348058193314,0.0022583069741485,-0.00362821269088189
0.00615652128474086,0.00290419449656257,0.00226159397608215,-0.00363446499000319
0.00619548660932782,0.00291482221214004,0.00226488097801579,-0.00364071728912449
0.00623445193391479,0.0029253639450909,0.00226816797994944,-0.00364696958824579
0.00627341725850176,0.00293581991184049,0.00227145498188308,-0.00365322188736709
0.00631238258308873,0.00294619032881414,0.00227474198381672,-0.00365947418648838
0.00635134790767569,0.0029564754124372,0.00227802898575037,-0.00366572648560968
0.00639031323226266,0.00296667537913499,0.00228131598768401,-0.00367197878473098
0.00642927855684963,0.00297679044533286,0.00228460298961766,-0.00367823108385228
0.0064682438814366,0.00298682082745615,0.0022878899915513,-0.00368448338297358
0.00650720920602356,0.00299676674193019,0.00229117699348495,-0.00369073568209488
0.00654617453061053,0.00300662840518033,0.00229446399541859,-0.00369698798121618
0.0065851398551975,0.00301640603363189,0.00229775099735224,-0.00370324028033748
0.00662410517978447,0.00302609984371023,0.00230103799928588,-0.00370949257945878
0.00666307050437143,0.00303571005184066,0.00230432500121953,-0.00371574487858008
0.0067020358289584,0.00304523687444855,0.00230761200315317,-0.00372199717770138
0.00674100115354537,0.00305468052795921,0.00231089900508682,-0.00372824947682268
0.00677996647813234,0.003064041228798,0.00231418600702046,-0.00378906963036254
0.0068189318027193,0.00307331919339024,0.00231747300895411,-0.0041134285379223
0.00685789712730627,0.00308251463816128,0.00232076001088775,-0.00404707992702002
0.00689686245189324,0.00309162777953646,0.0023240470128214,-0.00398073131611774
0.00693582777648021,0.0031006588339411,0.00232733401475504,-0.00391438270521546
0.00697479310106717,0.00310960801780056,0.00233062101668868,-0.00384803409431318
0.00701375842565414,0.00311847554754017,0.00233390801862233,-0.0037816854834109
0.00705272375024111,0.00312726163958526,0.00233719502055597,-0.00371533687250862
0.00709168907482808,0.00313596651036117,0.00234048202248962,-0.00364898826160634
0.00713065439941504,0.00314459037629325,0.00234376902442326,-0.00358263965070406
0.00716961972400201,0.00315313345380683,0.00234705602635691,-0.00351629103980179
0.00720858504858898,0.00316159595932725,0.00232640348329619,-0.00344994242889951
0.00724755037317595,0.00316997810927984,0.0023073988084399,-0.00338359381799723
0.00728651569776291,0.00317828012008995,0.00228950066926358,-0.00331724520709494
0.00732548102234988,0.00318650220818291,0.00226268259904847,-0.00325089659619267
0.00736444634693685,0.00319464458998406,0.0022450123045916,-0.00318454798529039
0.00740341167152382,0.00320270748191874,0.00222602350852444,-0.00311819937438811
0.00744237699611078,0.00321069110041229,0.00219932963033026,-0.00305185076348583
0.00748134232069775,0.00321859566189004,0.00218300039271561,-0.00298550215258355
0.00752030764528472,0.00322642138277734,0.0021693641843784,-0.00291915354168127
0.00755927296987169,0.00323416847949951,0.00216839834837939,-0.00285280493077899
0.00759823829445865,0.00324183716848191,0.00216743251238039,-0.00278645631987671
0.00763720361904562,0.00324942766614986,0.00216646667638138,-0.00272010770897443
0.00767616894363259,0.0032569401889287,0.00216550084038238,-0.00265375909807215
0.00771513426821956,0.00326437495324378,0.00216453500438337,-0.00258741048716987
0.00775409959280652,0.00327173217552043,0.00216356916838437,-0.00252106187626759
0.00779306491739349,0.00327901207218398,0.00216260333238536,-0.00245471326536531
0.00783203024198046,0.00328621485965979,0.00216163749638636,-0.00238836465446303
0.00787099556656743,0.00329334075437318,0.00216067166038735,-0.00232201604356075
0.00790996089115439,0.00330038997274949,0.00215970582438835,-0.00225566743265847
0.00794892621574136,0.00330736273121406,0.00215873998838934,-0.00218931882175619
0.00798789154032833,0.00331425924619223,0.00215777415239034,-0.00219053369955587
0.00802685686491529,0.00332107973410934,0.00215680831639133,-0.00222571881022687
0.00806582218950226,0.00332782441139073,0.00215584248039233,-0.00222117821620619
0.00810478751408923,0.00333449349446172,0.00215487664439332,-0.00223030641991564
0.0081437528386762,0.00334108719974767,0.00215391080839432,-0.002222522382702
0.00818271816326316,0.00334760574367391,0.00215294497239531,-0.0022154554501379
0.00822168348785013,0.00335404934266577,0.00215197913639631,-0.00220604794687319
0.0082606488124371,0.0033604182131486,0.0021510133003973,-0.00219704881088485
0.00829961413702407,0.00336671257154773,0.0021500474643983,-0.00218804967489651
0.00833857946161103,0.00337293263428851,0.00214908162839929,-0.00217905053890816
0.008377544786198,0.00337907861779626,0.00214811579240029,-0.00217005140291982
0.00841651011078497,0.00338515073849633,0.00214714995640128,-0.00216105226693148
0.00845547543537194,0.00339114921281405,0.00214618412040228,-0.00215205313094314
0.0084944407599589,0.00339707425717477,0.00214521828440327,-0.0021430539949548
0.00853340608454587,0.00340292608800382,0.00214425244840427,-0.00213405485896646
0.00857237140913284,0.00340870492172654,0.00214328661240526,-0.00212505572297811
0.00861133673371981,0.00341441097476826,0.00214232077640626,-0.00211605658698977
0.00865030205830677,0.00342004446355433,0.00214135494040725,-0.00210705745100143
0.00868926738289374,0.00342560560451009,0.00214038910440825,-0.00209805831501309
0.00872823270748071,0.00343109461406086,0.00213942326840924,-0.00208905917902475
0.00876719803206768,0.003436511708632,0.00213845743241024,-0.0020800600430364
0.00880616335665464,0.00344185710464883,0.00213749159641123,-0.00207106090704806
0.00884512868124161,0.0034471310185367,0.00213652576041223,-0.00206206177105972
0.00888409400582858,0.00345233366672094,0.00213555992441322,-0.00205306263507138
0.00892305933041555,0.00345746526562689,0.00213459408841422,-0.00204406349908304
0.00896202465500251,0.00346252603167989,0.00213362825241521,-0.00203506436309469
0.00900098997958948,0.00346751618130528,0.00213266241641621,-0.00202606522710635
0.00903995530417645,0.0034724359309284,0.0021316965804172,-0.00201706609111801
0.00907892062876342,0.00347728549697458,0.00214473042696672,-0.00200806695512967
0.00911788595335038,0.00348206509586916,0.00215097217251548,-0.00199906781914133
0.00915685127793735,0.00348677494403748,0.00215721391806424,-0.00199006868315298
0.00919581660252432,0.00349141525790487,0.002163455663613,-0.00198106954716464
0.00923478192711129,0.00349598625389669,0.00216969740916177,-0.0019720704111763
0.00927374725169825,0.00350048814843825,0.00217593915471053,-0.00196307127518796
0.00931271257628522,0.00350492115795491,0.00218218090025929,-0.00195407213919962
0.00935167790087219,0.003509285498872,0.00218842264580805,-0.00194507300321128
0.00939064322545916,0.00351358138761485,0.00219466439135681,-0.00193607386722293
0.00942960855004612,0.00351780904060881,0.00220090613690557,-0.00192707473123459
0.00946857387463309,0.00352196867427922,0.00220714788245433,-0.00191807559524625
0.00950753919922006,0.00352606050505141,0.00221338962800309,-0.00190907645925791
0.00954650452380702,0.00353008474935071,0.00221963137355185,-0.00190007732326957
0.00958546984839399,0.00353404162360248,0.00222587311910061,-0.00189107818728122
0.00962443517298096,0.00353793134423204,0.00223211486464937,-0.00188207905129288
0.00966340049756793,0.00354175412766473,0.00223835661019814,-0.00187307991530454
0.0097023658221549,0.0035455101903259,0.0022445983557469,-0.0018640807793162
0.00974133114674186,0.00354919974864087,0.00225084010129566,-0.00185508164332786
0.00978029647132883,0.003552823019035,0.00225708184684442,-0.00184608250733951
0.0098192617959158,0.00355638021793361,0.00226332359239318,-0.00183708337135117
0.00985822712050276,0.00355987156176204,0.00226956533794194,-0.00182808423536283
0.00989719244508973,0.00356329726694564,0.0022758070834907,-0.00184692568270386
0.0099361577696767,0.00356665754990973,0.00228204882903946,-0.00185396769977855
0.00997512309426367,0.00356995262707967,0.00228829057458822,-0.00186100971685325
0.0100140884188506,0.00357318271488078,0.00229453232013698,-0.00186805173392795
0.0100530537434376,0.0035763480297384,0.00230077406568574,-0.00187509375100265
0.0100920190680246,0.00357944878807788,0.00230701581123451,-0.00188213576807735
0.0101309843926115,0.00358248520632454,0.00231325755678327,-0.00188917778515204
0.0101699497171985,0.00358545750090373,0.00231949930233203,-0.00189621980222674
0.0102089150417855,0.0035883658882408,0.00232574104788079,-0.00190326181930144
0.0102478803663724,0.00359121058476106,0.00233198279342955,-0.00191030383637614
0.0102868456909594,0.00359399180688987,0.00233822453897831,-0.00191734585345084
0.0103258110155464,0.00359670977105255,0.00234446628452707,-0.00192438787052553
0.0103647763401333,0.00359936469367446,0.00235070803007583,-0.00193042250545306
0.0104037416647203,0.00360195679118092,0.00235694977562459,-0.00193076234709173
0.0104427069893073,0.00360448627999728,0.00236319152117335,-0.00193110218873041
0.0104816723138942,0.00360695337654886,0.00236943326672212,-0.00193144203036909
0.0105206376384812,0.00360935829726102,0.00237567501227088,-0.00193178187200776
0.0105596029630682,0.00361170125855909,0.00236878816260345,-0.00193212171364644
0.0105985682876551,0.0036139824768684,0.00234834762222367,-0.00193246155528512
0.0106375336122421,0.0036162021686143,0.0023420212919059,-0.00193280139692379
0.0106764989368291,0.00361836055022212,0.00233569496158814,-0.00193314123856247
0.010715464261416,0.0036204578381172,0.00232936863127038,-0.00193348108020115
0.010754429586003,0.00362249424872488,0.00232304230095262,-0.00193382092183982
0.01079339491059,0.0036244699984705,0.00231671597063486,-0.0019341607634785
0.010832360235177,0.00362638530377939,0.00231038964031709,-0.00193450060511718
0.0108713255597639,0.00362824038107689,0.00230406330999933,-0.00193484044675585
0.0109102908843509,0.00363003544678834,0.00229773697968157,-0.00193518028839453
0.0109492562089379,0.00363177071733908,0.00229141064936381,-0.00193552013003321
0.0109882215335248,0.00363344640915445,0.00228508431904605,-0.00193585997167188
0.0110271868581118,0.00363506273865978,0.00227875798872828,-0.00193619981331056
0.0110661521826988,0.00363661992228042,0.00225827855893286,-0.00193653965494924
0.0111051175072857,0.00363811817644169,0.0022306789539152,-0.00193687949658791
0.0111440828318727,0.00363955771756895,0.00219412740278974,-0.00193721933822659
0.0111830481564597,0.00364093876208752,0.00215757585166429,-0.00193755917986527
0.0112220134810466,0.00364226152642275,0.00212102430053883,-0.00193789902150394
0.0112609788056336,0.00364352622699997,0.00208447274941338,-0.00193823886314262
0.0112999441302206,0.00364473308024452,0.00204792119828792,-0.0019385787047813
0.0113389094548075,0.00364588230258173,0.00201164157705137,-0.00193891854641997
0.0113778747793945,0.00364697411043696,0.00202257402057036,-0.00193925838805865
0.0114168401039815,0.00364800872023553,0.00201680297645984,-0.00193959822969733
0.0114558054285684,0.00364898634840278,0.00204375529844129,-0.001939938071336
0.0114947707531554,0.00364990721136406,0.00203960423570539,-0.00194027791297468
0.0115337360777424,0.00365077152554469,0.00203440309243816,-0.00194061775461336
0.0115727014023293,0.00365157950737002,0.00202920194917093,-0.00194095759625203
0.0116116667269163,0.00365233137326538,0.00202400080590369,-0.00194129743789071
0.0116506320515033,0.00365302733965612,0.00201879966263646,-0.00194163727952938
0.0116895973760902,0.00365366762296757,0.00201359851936923,-0.00194197712116806
0.0117285627006772,0.00365425243962507,0.00200839737610199,-0.00194231696280674
0.0117675280252642,0.00365478200605395,0.00200319623283476,-0.00194265680444541
0.0118064933498511,0.00365525653867956,0.00199799508956753,-0.00194299664608409
0.0118454586744381,0.00365567625392723,0.00199279394630029,-0.00194333648772277
0.0118844239990251,0.00365604136822231,0.00198759280303306,-0.00194367632936144
0.011923389323612,0.00365635209799012,0.00198239165976583,-0.00194401617100012
0.011962354648199,0.00365660865965601,0.00197719051649859,-0.0019443560126388
0.012001319972786,0.00365681126964532,0.00197198937323136,-0.00194469585427747
0.0120402852973729,0.00365696014438338,0.00196678822996413,-0.00194503569591615
0.0120792506219599,0.00365705550029553,0.00196158708669689,-0.00194537553755483
0.0121182159465469,0.0036570975538071,0.00195638594342966,-0.0019457153791935
0.0121571812711338,0.00365708652134345,0.00195118480016243,-0.00194605522083218
0.0121961465957208,0.0036570226193299,0.0019459836568952,-0.00194639506247086
0.0122351119203078,0.0036569060641918,0.00194078251362796,-0.00194673490410953
0.0122740772448947,0.00365673707235447,0.00193558137036073,-0.00194707474574821
0.0123130425694817,0.00365651586024327,0.0019303802270935,-0.00194741458738689
0.0123520078940687,0.00365624264428352,0.00192517908382626,-0.00194775442902556
0.0123909732186556,0.00365591764090057,0.00191997794055903,-0.00194809427066424
0.0124299385432426,0.00365554106651975,0.0019147767972918,-0.00194843411230292
0.0124689038678296,0.00365511313756641,0.00190957565402456,-0.00194877395394159
0.0125078691924166,0.00365463407046587,0.00189957350746682,-0.00194911379558027
0.0125468345170035,0.00365410408164348,0.00188290939912781,-0.00194945363721895
0.0125857998415905,0.00365352338752457,0.00187827129077689,-0.00194979347885762
0.0126247651661775,0.00365289220453449,0.00186999014625908,-0.0019501333204963
0.0126637304907644,0.00365221074909857,0.00185221951039151,-0.00195047316213498
0.0127026958153514,0.00365147923764215,0.00184769263242333,-0.00195081300377365
0.0127416611399384,0.00365069788659057,0.00184073705172142,-0.00195115284541233
0.0127806264645253,0.00364986691236916,0.00182185454395672,-0.00195149268705101
0.0128195917891123,0.00364898653140327,0.0018174306113911,-0.00195183252868968
0.0128585571136993,0.00364805696011823,0.00179615652114922,-0.00195217237032836
0.0128975224382862,0.00364707841493938,0.00179181155363792,-0.00195251221196704
0.0129364877628732,0.00364605111229205,0.00177062123123822,-0.00195285205360571
0.0129754530874602,0.00364497526860159,0.00174947084663866,-0.00195319189524439
0.0130144184120471,0.00364385110029334,0.00172112310278737,-0.00195353173688307
0.0130533837366341,0.00364267882379263,0.00170413100621232,-0.00195387157852174
0.0130923490612211,0.00364145865552479,0.00168713890963726,-0.00195421142016042
0.013131314385808,0.00364019081191518,0.00167014681306221,-0.00195455126179909
0.013170279710395,0.00363887550938912,0.00165315471648716,-0.00195489110343777
0.013209245034982,0.00363751296437195,0.00163616261991211,-0.00195523094507645
0.0132482103595689,0.00363610339328902,0.00161917052333706,-0.00195557078671512
0.0132871756841559,0.00363464701256566,0.00160217842676201,-0.0019559106283538
0.0133261410087429,0.0036331440386272,0.00158518633018695,-0.00195625046999248
0.0133651063333298,0.00363159468789899,0.0015681942336119,-0.00195659031163115
0.0134040716579168,0.00362999917680636,0.00155120213703685,-0.00195693015326983
0.0134430369825038,0.00362835772177466,0.0015342100404618,-0.00195726999490851
0.0134820023070907,0.00362667053922921,0.00151721794388675,-0.00195760983654718
0.0135209676316777,0.00362493784559537,0.0015002258473117,-0.00195794967818586
0.0135599329562647,0.00362315985729846,0.00148323375073665,-0.00195828951982454
0.0135988982808516,0.00362133679076382,0.00146624165416159,-0.00195862936146321
0.0136378636054386,0.0036194688624168,0.00144924955758654,-0.00195896920310189
0.0136768289300256,0.00361755628868272,0.00143225746101149,-0.00195930904474057
0.0137157942546125,0.00361559928598694,0.00141526536443644,-0.00195964888637924
0.0137547595791995,0.00361359807075478,0.00139827326786139,-0.00195998872801792
0.0137937249037865,0.00361155285941158,0.00138128117128634,-0.0019603285696566
0.0138326902283734,0.00360946386838269,0.00136428907471128,-0.00196066841129527
0.0138716555529604,0.00360733131409344,0.00134729697813623,-0.00196100825293395
0.0139106208775474,0.00360515541296916,0.00133030488156118,-0.00196134809457263
0.0139495862021343,0.0036029363814352,0.00131331278498613,-0.0019616879362113
0.0139885515267213,0.0036006744359169,0.00129586018608685,-0.00196202777784998
0.0140275168513083,0.00359836979283959,0.00127638827857981,-0.00196236761948866
0.0140664821758952,0.00359602266862861,0.00125623723341719,-0.00196270746112733
0.0141054475004822,0.00359363327970929,0.0012361323669953,-0.00196304730276601
0.0141444128250692,0.00359120184250699,0.0012329248993795,-0.00196338714440469
0.0141833781496562,0.00358872857344702,0.00121287422449833,-0.00196372698604336
0.0142223434742431,0.00358621368895474,0.00119817102175019,-0.00196406682768204
0.0142613087988301,0.00358365740545548,0.0012086934876461,-0.00196440666932072
0.0143002741234171,0.00358105993937458,0.00121921595354202,-0.00196474651095939
0.014339239448004,0.00357842150713738,0.00122973841943793,-0.00196508635259807
0.014378204772591,0.00357574232516921,0.00124026088533384,-0.00196542619423674
0.014417170097178,0.00357302260989541,0.00125078335122975,-0.00196576603587542
0.0144561354217649,0.00357026257774132,0.00126130581712566,-0.0019661058775141
0.0144951007463519,0.00356746244513228,0.00127182828302158,-0.0019823238413493
0.0145340660709389,0.00356462242849363,0.00128235074891749,-0.00197996166228456
0.0145730313955258,0.0035617427442507,0.0012928732148134,-0.0019890083862715
0.0146119967201128,0.00355882360882884,0.00130339568070931,-0.00199161589687905
0.0146509620446998,0.00355586523865337,0.00131391814660522,-0.00199422340748661
0.0146899273692867,0.00355286785014965,0.00132444061250114,-0.00199683091809417
0.0147288926938737,0.003549831659743,0.00133496307839705,-0.00199943842870172
0.0147678580184607,0.00354675688385877,0.00134548554429296,-0.00200204593930928
0.0148068233430476,0.00354364373892228,0.00135600801018887,-0.00200465344991684
0.0148457886676346,0.00354049244135889,0.00136653047608478,-0.00200726096052439
0.0148847539922216,0.00353730320759393,0.0013770529419807,-0.00200986847113195
0.0149237193168085,0.00353407625405274,0.00138757540787661,-0.00201247598173951
0.0149626846413955,0.00353081179716065,0.00139809787377252,-0.00201508349234706
0.0150016499659825,0.003527510053343,0.00140862033966843,-0.00201769100295462
0.0150406152905694,0.00352417123902513,0.00141914280556434,-0.00202689976186297
0.0150795806151564,0.00352079557063238,0.00142966527146026,-0.00205136964593965
0.0151185459397434,0.00351738326459009,0.00144018773735617,-0.00207560345546443
0.0151575112643303,0.0035139345373236,0.00145071020325208,-0.00209748949130354
0.0151964765889173,0.00351044960525824,0.00146123266914799,-0.00211921122853853
0.0152354419135043,0.00350692868481934,0.0014717551350439,-0.00214093296577352
0.0152744072380912,0.00350337199243226,0.00148227760093982,-0.00216265470300851
0.0153133725626782,0.00349977974452233,0.00149280006683573,-0.00218805105555005
0.0153523378872652,0.00349615215751487,0.00150332253273164,-0.00220483801501986
0.0153913032118521,0.00349248944783525,0.00151384499862755,-0.00222604695769806
0.0154302685364391,0.00348879183190878,0.00152436746452346,-0.00222811848368631
0.0154692338610261,0.00348505952616081,0.00153488993041938,-0.00224703060818941
0.015508199185613,0.00348129274701668,0.00154541239631529,-0.002250816273342
0.0155471645102,0.00347749171090173,0.0015559348622112,-0.00226785634119214
0.015586129834787,0.00347365663424128,0.00156645732810711,-0.00226976874177869
0.0156250951593739,0.00346978773346069,0.00157697979400302,-0.00227168114236524
0.0156640604839609,0.00346588522498529,0.00158750225989894,-0.00227359354295179
0.0157030258085479,0.00346194932524042,0.00159802472579485,-0.00225857520424091
0.0157419911331349,0.00345798025065141,0.00160854719169076,-0.00224417063760052
0.0157809564577218,0.0034539782176436,0.00161906965758667,-0.00224072525201562
0.0158199217823088,0.00344994344264234,0.00162959212348258,-0.00222037399051982
0.0158588871068958,0.00344587614207295,0.0016401145893785,-0.00219999029206899
0.0158978524314827,0.00344177653236078,0.00165063705527441,-0.00218289354342554
0.0159368177560697,0.00343764482993117,0.00166115952117032,-0.00218427210273087
0.0159757830806567,0.00343348125120945,0.00167168198706623,-0.0021856506620362
0.0160147484052436,0.00342928601262096,0.00168220445296214,-0.00218702922134153
0.0160537137298306,0.00342505933059104,0.00169272691885805,-0.00218840778064686
0.0160926790544176,0.00342080142154503,0.00170324938475397,-0.00218978633995218
0.0161316443790045,0.00341651250190827,0.00171377185064988,-0.00219116489925751
0.0161706097035915,0.00341219278810609,0.00172429431654579,-0.00219254345856284
0.0162095750281785,0.00340784249656383,0.0017348167824417,-0.00219392201786817
0.0162485403527654,0.00340346184370683,0.00174533924833761,-0.00219530057717349
0.0162875056773524,0.00339905104596042,0.00175586171423353,-0.00219667913647882
0.0163264710019394,0.00339461031974996,0.00176638418012944,-0.00219805769578415
0.0163654363265263,0.00339013988150076,0.00177690664602535,-0.00219943625508948
0.0164044016511133,0.00338563994763818,0.00178742911192126,-0.00220081481439481
0.0164433669757003,0.00338111073458754,0.00179795157781717,-0.00220219337370013
0.0164823323002872,0.0033765524587742,0.00180847404371309,-0.00220357193300546
0.0165212976248742,0.00337196533662348,0.001818996509609,-0.00220495049231079
0.0165602629494612,0.00336734958456073,0.00182951897550491,-0.00220632905161612
0.0165992282740481,0.00336270541901127,0.00184004144140082,-0.00219456240848011
0.0166381935986351,0.00335803305640046,0.00185056390729673,-0.00220727447978277
0.0166771589232221,0.00335333271315362,0.00186108637319265,-0.00220308056229209
0.016716124247809,0.0033486046056961,0.00187160883908856,-0.00219885526183284
0.016755089572396,0.00334384895045323,0.00188213130498447,-0.0022114717586096
0.016794054896983,0.00333906596385036,0.00189265377088038,-0.00220718198861667
0.0168330202215699,0.00333425586231281,0.00190317623677629,-0.00220286098242454
0.0168719855461569,0.00332941886226594,0.00191369870267221,-0.0022142082271494
0.0169109508707439,0.00332455518013506,0.00192422116856812,-0.00221504401604573
0.0169499161953308,0.00331966503234554,0.00193474363446403,-0.00223272669707545
0.0169888815199178,0.00331474863532269,0.00194526610035994,-0.00225036141078665
0.0170278468445048,0.00330980620549187,0.00195578856625585,-0.00225109456363108
0.0170668121690917,0.0033048379592784,0.00196631103215177,-0.00225987580594544
0.0171057774936787,0.00329984411310763,0.00197683349804768,-0.00225248243759709
0.0171447428182657,0.00329482488340489,0.00198735596394359,-0.00225310670190453
0.0171837081428526,0.00328978048659552,0.0019978784298395,-0.00225373096621198
0.0172226734674396,0.00328471113910487,0.00200840089573541,-0.00224227895408624
0.0172616387920266,0.00327961705735826,0.00199714371217401,-0.00223801160678642
0.0173006041166135,0.00327449845778104,0.00199662775554279,-0.00222166290739753
0.0173395694412005,0.00326935555679854,0.00197872912581317,-0.00221130959274547
0.0173785347657875,0.00326418857083611,0.00197634023824404,-0.0022057325969144
0.0174175000903744,0.00325899771631907,0.00197395135067491,-0.00218969200625879
0.0174564654149614,0.00325378320967278,0.00197156246310578,-0.0021936374994032
0.0174954307395484,0.00324854526732256,0.00196917357553665,-0.0021975829925476
0.0175343960641354,0.00324328410569375,0.00196678468796751,-0.002201528485692
0.0175733613887223,0.0032379999412117,0.00196439580039838,-0.00220547397883641
0.0176123267133093,0.00323269299030173,0.00196200691282925,-0.00220941947198081
0.0176512920378963,0.0032273634693892,0.00195961802526012,-0.00221336496512522
0.0176902573624832,0.00322201159489943,0.00195722913769099,-0.00221731045826962
0.0177292226870702,0.00321663758325777,0.00195484025012186,-0.00222125595141402
0.0177681880116572,0.00321124165088955,0.00195245136255273,-0.00222520144455843
0.0178071533362441,0.00320582401422011,0.0019500624749836,-0.00222914693770283
0.0178461186608311,0.00320038488967478,0.00194767358741447,-0.00223309243084723
0.0178850839854181,0.00319492449367892,0.00194528469984534,-0.00223703792399164
0.017924049310005,0.00318944304265784,0.0019428958122762,-0.00224098341713604
0.017963014634592,0.00318394075303691,0.00194050692470707,-0.00224492891028044
0.018001979959179,0.00317841784124144,0.00193811803713794,-0.00224887440342485
0.0180409452837659,0.00317287452369678,0.00193572914956881,-0.00225281989656925
0.0180799106083529,0.00316731101682826,0.00193334026199968,-0.00225676538971366
0.0181188759329399,0.00316172753706123,0.00193095137443055,-0.00226071088285806
0.0181578412575268,0.00315612430082102,0.00192856248686142,-0.00226465637600246
0.0181968065821138,0.00315050152453298,0.00192617359929229,-0.00226860186914687
0.0182357719067008,0.00314485942462243,0.00192378471172316,-0.00227254736229127
0.0182747372312877,0.00313919821751472,0.00192139582415403,-0.00227649285543567
0.0183137025558747,0.00313351811963519,0.00191900693658489,-0.00228043834858008
0.0183526678804617,0.00312781934740916,0.00191661804901576,-0.00228438384172448
0.0183916332050486,0.00312210211726199,0.00191422916144663,-0.00228832933486888
0.0184305985296356,0.00311636664561901,0.0019118402738775,-0.00229227482801329
0.0184695638542226,0.00311061314890555,0.00190945138630837,-0.00229622032115769
0.0185085291788095,0.00310484184354696,0.00190706249873924,-0.00230016581430209
0.0185474945033965,0.00309905294596857,0.00190467361117011,-0.0023041113074465
0.0185864598279835,0.00309324667259572,0.00190228472360098,-0.0023080568005909
0.0186254251525704,0.00308742323985375,0.00189989583603185,-0.00231200229373531
0.0186643904771574,0.003081582864168,0.00189750694846272,-0.00231594778687971
0.0187033558017444,0.0030757257619638,0.00191704933089851,-0.00231989328002411
0.0187423211263313,0.00306985214966649,0.00193327608016227,-0.00232383877316852
0.0187812864509183,0.00306396224370142,0.00194950282942602,-0.00232778426631292
0.0188202517755053,0.00305805626049391,0.00196572957868977,-0.00233172975945732
0.0188592171000922,0.00305213441646932,0.00198195632795353,-0.00233567525260173
0.0188981824246792,0.00304619692805296,0.00201020841126367,-0.00233962074574613
0.0189371477492662,0.00304024401167019,0.00203069288883175,-0.00234356623889053
0.0189761130738531,0.00303427588374635,0.00205117736639984,-0.00234751173203494
0.0190150783984401,0.00302829276070676,0.00207166184396792,-0.00235145722517934
0.0190540437230271,0.00302229485897676,0.00209214632153601,-0.00235540271832375
0.019093009047614,0.00301628239498171,0.00211263079910409,-0.00235934821146815
0.019131974372201,0.00301025558514692,0.00213311527667218,-0.00236329370461255
0.019170939696788,0.00300421464589775,0.00215359975424026,-0.00236723919775696
0.019209905021375,0.00299815979365952,0.00217408423180834,-0.00237118469090136
0.0192488703459619,0.00299209124485759,0.00219456870937643,-0.00237513018404576
0.0192878356705489,0.00298600921591728,0.00221505318694451,-0.00237907567719017
0.0193268009951359,0.00297991392326393,0.0022355376645126,-0.00238302117033457
0.0193657663197228,0.00297380558332288,0.00225602214208068,-0.00238696666347897
0.0194047316443098,0.00296768441251947,0.00227650661964877,-0.00239091215662338
0.0194436969688968,0.00296155062727904,0.00229699109721685,-0.00239485764976778
0.0194826622934837,0.00295540444402693,0.00231747557478493,-0.00239880314291218
0.0195216276180707,0.00294924607918847,0.00233796005235302,-0.00240274863605659
0.0195605929426577,0.002943075749189,0.0023584445299211,-0.00240669412920099
0.0195995582672446,0.00293689367045386,0.00237892900748919,-0.0024106396223454
0.0196385235918316,0.00293070005940838,0.00239941348505727,-0.0024145851154898
0.0196774889164186,0.00292449513247791,0.00242954303340944,-0.00243436496319899
0.0197164542410055,0.00291827910608779,0.00246246685126705,-0.00245240771554081
0.0197554195655925,0.00291205219666335,0.00249539066912466,-0.00247045046788263
0.0197943848901795,0.00290581462062992,0.00252831448698226,-0.00248849322022445
0.0198333502147664,0.00289956659441286,0.00256123830483987,-0.00250653597256627
0.0198723155393534,0.00289330833443749,0.00259416212269747,-0.00252457872490808
0.0199112808639404,0.00288704005712915,0.00262708594055508,-0.0025426214772499
0.0199502461885273,0.00288076197891319,0.00266000975841269,-0.00256066422959172
0.0199892115131143,0.00287447431621493,0.00269293357627029,-0.00257870698193354
0.0200281768377013,0.00286817728545972,0.0027258573941279,-0.00259674973427536
0.0200671421622882,0.0028618711030729,0.0027587812119855,-0.00261479248661718
0.0201061074868752,0.0028555559854798,0.00279170502984311,-0.00263607292205929
0.0201450728114622,0.00284923214910577,0.00281557700197474,-0.00265902576743269
0.0201840381360491,0.00284289981037613,0.00281721902617343,-0.00267686640552748
0.0202230034606361,0.00283655918571623,0.00283641454853369,-0.00270220568504755
0.0202619687852231,0.00283021049155141,0.00284095705137917,-0.00271602672421926
0.02030093410981,0.002823853944307,0.00284549955422465,-0.00272984776339098
0.020339899434397,0.00281748976040834,0.00285004205707013,-0.00274366880256269
0.020378864758984,0.00281111815628077,0.00285458455991561,-0.00275748984173441
0.0204178300835709,0.00280473934834963,0.00285912706276109,-0.00277131088090612
0.0204567954081579,0.00279835355304026,0.00286975378039263,-0.00278513192007784
0.0204957607327449,0.00279196098677799,0.00288214691947904,-0.00280429924021821
0.0205347260573318,0.00278556186598816,0.00288427910040588,-0.00280251913022587
0.0205736913819188,0.00277915640709611,0.00288641128133271,-0.00281737329702942
0.0206126567065058,0.00277274482652718,0.00288854346225954,-0.00282597888115629
0.0206516220310927,0.00276632734070671,0.00289067564318637,-0.00283032839727844
0.0206905873556797,0.00275990416606003,0.0028928078241132,-0.0028283376172067
0.0207295526802667,0.00275347551901248,0.00289494000504003,-0.00283566055043879
0.0207685180048537,0.0027470416159894,0.00289707218596686,-0.00284115654133767
0.0208074833294406,0.00274060267341613,0.00289920436689369,-0.00284198324291534
0.0208464486540276,0.00273415890771801,0.00290133654782052,-0.00285386213602136
0.0208854139786146,0.00272771053532037,0.00290346872874735,-0.0028517458848701
0.0209243793032015,0.00272125777264855,0.00290560090967418,-0.00286814327020017
0.0209633446277885,0.00271480083612789,0.00290773309060101,-0.00288116333632642
0.0210023099523755,0.00270833994218373,0.00290986527152784,-0.00289107671706182
0.0210412752769624,0.00270187530724141,0.00291199745245467,-0.00289406842843246
0.0210802406015494,0.00269540714772626,0.0029141296333815,-0.00291390645846502
0.0211192059261364,0.00268893568006362,0.00291626181430834,-0.00293371908649488
0.0211581712507233,0.00268246112067884,0.00291839399523517,-0.00293739315994321
0.0211971365753103,0.00267598368599724,0.002920526176162,-0.00295193319020963
0.0212361018998973,0.00266950359244417,0.00292265835708883,-0.00296645120980848
0.0212750672244842,0.00266302105644496,0.00292479053801566,-0.00298094228254324
0.0213140325490712,0.00265653629442496,0.00294395592000353,-0.00299865020492138
0.0213529978736582,0.00265004952280949,0.00294654949537717,-0.00300983837855144
0.0213919631982451,0.00264356095802391,0.00294914307075081,-0.00300738664368718
0.0214309285228321,0.00263707081649354,0.00295173664612444,-0.00302176683184948
0.0214698938474191,0.00263057931464372,0.00295433022149808,-0.00301925466644579
0.021508859172006,0.0026240866688998,0.00295692379687172,-0.0030291968476466
0.021547824496593,0.00261759309568711,0.00295951737224536,-0.00303102631262426
0.02158678982118,0.00261109881143098,0.00296211094761899,-0.00302844316061303
0.0216257551457669,0.00260460403255677,0.00296470452299263,-0.0030146002572065
0.0216647204703539,0.00259810897548979,0.00296729809836627,-0.0030063361327408
0.0217036857949409,0.0025916138566554,0.00296989167373991,-0.00298680540854431
0.0217426511195278,0.00258511889247893,0.00297248524911354,-0.00298411933039963
0.0217816164441148,0.00257862429938572,0.00297507882448718,-0.00295690597718184
0.0218205817687018,0.00257213029380111,0.00297767239986082,-0.00293468884236208
0.0218595470932887,0.00256563709215043,0.00298912294062732,-0.00290401142074103
0.0218985124178757,0.00255914491085902,0.00299998528809735,-0.00288174077629584
0.0219374777424627,0.00255265396635223,0.00300279990458251,-0.00285219988405958
0.0219764430670496,0.00254616447505538,0.00300561452106767,-0.0028492012119877
0.0220154083916366,0.00253967665339382,0.00302338674696928,-0.00284620253991582
0.0220543737162236,0.00253319071779289,0.00302032306576304,-0.00284320386784394
0.0220933390408105,0.00252670688467791,0.00301725938455679,-0.00284020519577206
0.0221323043653975,0.00252022537047424,0.00301419570335055,-0.00283720652370018
0.0221712696899845,0.00251374639160721,0.00301113202214431,-0.0028342078516283
0.0222102350145714,0.00250727016450215,0.00300806834093807,-0.00283120917955642
0.0222492003391584,0.00250079690558441,0.00299237960891688,-0.00282821050748454
0.0222881656637454,0.00249432683127932,0.00297853836223248,-0.00282521183541266
0.0223271309883324,0.00248786015801222,0.00297763431704122,-0.00282221316334077
0.0223660963129193,0.00248139710220846,0.00296780799037299,-0.00281921449126889
0.0224050616375063,0.00247493788029335,0.00297091626828356,-0.00281621581919701
0.0224440269620933,0.00246848270869226,0.00297402454619413,-0.00281321714712513
0.0224829922866802,0.0024620318038305,0.00296028910240484,-0.00281021847505325
0.0225219576112672,0.00245558538213343,0.00295028501015854,-0.00279398415385467
0.0225609229358542,0.00244914366002638,0.00294983102327492,-0.00278707713800424
0.0225998882604411,0.00244270685393468,0.00295308273167932,-0.00278386612828837
0.0226388535850281,0.00243627518028368,0.00295633444008373,-0.00276375620021629
0.0226778189096151,0.00242984885549871,0.00295958614848813,-0.00274361566893829
0.022716784234202,0.00242342809600512,0.00296283785689254,-0.00272345374237827
0.022755749558789,0.00241701311822823,0.0029553670675402,-0.0027201411506693
0.022794714883376,0.00241060413859339,0.00295257988846323,-0.00269992604559022
0.0228336802079629,0.00240420137352593,0.00295162357205598,-0.00269656310613052
0.0228726455325499,0.0023978050394512,0.00294244055295227,-0.00268366682826452
0.0229116108571369,0.00239141535279453,0.00292897326794355,-0.00265940428788441
0.0229505761817238,0.00238503252998126,0.0029155277587745,-0.00263934670333067
0.0229895415063108,0.00237865678743673,0.00291898558149336,-0.00261928911877692
0.0230285068308978,0.00237228834158627,0.00290892309253121,-0.00259923153422318
0.0230674721554847,0.00236592740885522,0.00290720097341989,-0.00257917394966944
0.0231064374800717,0.00235957420566893,0.00289573004583122,-0.0025591163651157
0.0231454028046587,0.00235322894845272,0.00289926695391253,-0.00253905878056195
0.0231843681292456,0.00234689185363195,0.00288596341905054,-0.00251900119600821
0.0232233334538326,0.00234056313763193,0.00288954937665629,-0.00249894361145446
0.0232622987784196,0.00233424301687803,0.00287628526050717,-0.00247888602690072
0.0233012641030065,0.00232793170779556,0.00287991511617902,-0.00245882844234698
0.0233402294275935,0.00232162942680987,0.00285236115860417,-0.00243877085779323
0.0233791947521805,0.0023153363903463,0.00283008190450867,-0.00241871327323949
0.0234181600767674,0.00230905281483019,0.00280780265041316,-0.00239865568868575
0.0234571254013544,0.00230277891668687,0.00278552339631766,-0.002378598104132
0.0234960907259414,0.00229651491234168,0.00276342982150474,-0.00235854051957826
0.0235350560505283,0.00229026101821996,0.00275032975423666,-0.00233848293502452
0.0235740213751153,0.00228401745074705,0.00275412327948914,-0.00231842535047077
0.0236129866997023,0.00227778442634828,0.00275047375270395,-0.00229836776591703
0.0236519520242892,0.002271562161449,0.00274488196062699,-0.00227831018136329
0.0236909173488762,0.00226535087247454,0.00273186427288689,-0.00225825259680955
0.0237298826734632,0.00225915077585024,0.00271708948770269,-0.0022381950122558
0.0237688479980501,0.00225296208800143,0.00270987291163988,-0.00221813742770206
0.0238078133226371,0.00224678502535347,0.00270265633557708,-0.00219807984314831
0.0238467786472241,0.00224061980433167,0.00269186147572503,-0.00217802225859457
0.023885743971811,0.00223446664136139,0.0026737320277448,-0.00215796467404083
0.023924709296398,0.00222832575286796,0.00265562367345246,-0.00213790708948708
0.023963674620985,0.00222219735527672,0.00265441040516544,-0.00211784950493334
0.0240026399455719,0.002216081665013,0.00264536550101883,-0.0020977919203796
0.0240416052701589,0.00220997889850214,0.00262542526317231,-0.00207773433582586
0.0240805705947459,0.00220388927216949,0.00261001202970956,-0.00205767675127211
0.0241195359193329,0.00219781300244038,0.00259008015974335,-0.00203761916671837
0.0241585012439198,0.00219175030574014,0.0025773185385222,-0.00201756158216462
0.0241974665685068,0.00218570139849412,0.00255546332059305,-0.00199750399761088
0.0242364318930938,0.00217966649712766,0.00254013218643319,-0.00196684835279288
0.0242753972176807,0.00217364581806609,0.00251573887722871,-0.00194317799729226
0.0243143625422677,0.00216763957773475,0.00249831063974523,-0.00191950764179165
0.0243533278668547,0.00216164799255897,0.00248088240226175,-0.00190575957123362
0.0243922931914416,0.0021556712789641,0.00246345416477827,-0.00201537654816081
0.0244312585160286,0.00214970965337548,0.00243901783651575,-0.00212499352508798
0.0244702238406156,0.00214376333221844,0.0024422350229204,-0.00223461050201516
0.0245091891652025,0.00213783253191831,0.00242965771524784,-0.00234422747894235
0.0245481544897895,0.00213191746890045,0.00240981184772281,-0.00245384445586953
0.0245871198143765,0.00212601835959018,0.00239466847020775,-0.00248864336159904
0.0246260851389634,0.00212013542041285,0.002371107238784,-0.0024842820783982
0.0246650504635504,0.00211426886779379,0.00235600777467179,-0.00246302951860426
0.0247040157881374,0.00210841891815834,0.0023333439401661,-0.00244175758882873
0.0247429811127243,0.00210258578793184,0.00232089142016558,-0.00243039534341745
0.0247819464373113,0.00209676969353962,0.00230846802444358,-0.0024160199206143
0.0248209117618983,0.00209097085140703,0.00231294673049692,-0.00239469038648347
0.0248598770864852,0.0020851894779594,0.00231742543655026,-0.00238448402821467
0.0248988424110722,0.00207942578962207,0.00232190414260359,-0.00236883269360116
0.0249378077356592,0.00207368000282038,0.0023095478184486,-0.0023481529999585
0.0249767730602461,0.00206795233397967,0.00229721289802447,-0.00233839397474966
0.0250157383848331,0.00206224299952527,0.00228222781992341,-0.00231174233263351
0.0250547037094201,0.00205655221588252,0.0022760968646794,-0.00228507144275536
0.025093669034007,0.00205088019947676,0.00226996590943539,-0.00227853641634187
0.025132634358594,0.00204522716673333,0.00226383495419138,-0.00227392560335807
0.025171599683181,0.00203959333407757,0.00225770399894737,-0.00225241444512837
0.0252105650077679,0.00203397891793481,0.00225157304370336,-0.00224775747229672
0.0252495303323549,0.0020283841347304,0.00224544208845935,-0.00222621129434612
0.0252884956569419,0.00202280920088967,0.00223931113321534,-0.00222151683404932
0.0253274609815288,0.00201725433283795,0.00223318017797133,-0.00219906915566826
0.0253664263061158,0.00201171974700059,0.00222704922272732,-0.00217224326821705
0.0254053916307028,0.00200620565980293,0.00222091826748331,-0.00210969618982074
0.0254443569552897,0.0020007122876703,0.0022147873122393,-0.00203993250927836
0.0254833222798767,0.00199523984702804,0.00220865635699529,-0.00197016882873599
0.0255222876044637,0.00198978855430148,0.00220252540175127,-0.00190040514819361
0.0255612529290506,0.00198435862591598,0.00219639444650727,-0.00183064146765124
0.0256002182536376,0.00197895027829686,0.00219026349126326,-0.00176087778710887
0.0256391835782246,0.00197356372786946,0.00218413253601925,-0.00169111410656649
0.0256781489028115,0.00196819919105912,0.00217800158077524,-0.00162135042602411
0.0257171142273985,0.00196285688429119,0.00217187062553123,-0.00161130830466796
0.0257560795519855,0.00195753702399099,0.00214998102640473,-0.0016394477578275
0.0257950448765724,0.00195223982658386,0.00212515085782739,-0.00166758721098705
0.0258340102011594,0.00194696550849515,0.00210032068925005,-0.00169572666414659
0.0258729755257464,0.00194171428615018,0.00207549052067271,-0.00172386611730614
0.0259119408503334,0.00193648637597431,0.00205066035209537,-0.00175200557046568
0.0259509061749203,0.00193128199439286,0.00202583018351804,-0.00178014502362522
0.0259898714995073,0.00192610135783118,0.0020010000149407,-0.00180828447678477
0.0260288368240943,0.0019209446827146,0.00197616984636336,-0.00183642392994431
0.0260678021486812,0.00191581218546847,0.00195133967778602,-0.00180429093658644
0.0261067674732682,0.00191070408251811,0.00192650950920868,-0.00176020508766952
0.0261457327978552,0.00190562059028887,0.00190167934063134,-0.0017161192387526
0.0261846981224421,0.00190056192520608,0.001876849172054,-0.00167203338983568
0.0262236634470291,0.00189552830369509,0.00185201900347666,-0.00162794754091875
0.0262626287716161,0.00189051994218123,0.00182534527389545,-0.00158386169200183
0.026301594096203,0.00188553705708983,0.00180261331664584,-0.00156027791608348
0.02634055942079,0.00188057986484625,0.00178314301354648,-0.00157430626126223
0.026379524745377,0.00187564858187581,0.00176367271044712,-0.00157975264404291
0.0264184900699639,0.00187074342460385,0.00174420240734776,-0.00158519902682359
0.0264574553945509,0.00186586460945571,0.0017247321042484,-0.00159064540960427
0.0264964207191379,0.00186101235285674,0.00170526180114904,-0.00159609179238494
0.0265353860437248,0.00185618687123226,0.00168579149804968,-0.00160153817516562
0.0265743513683118,0.00185138838100761,0.00166632119495032,-0.0016069845579463
0.0266133166928988,0.00184661709860814,0.00164685089185096,-0.00161243094072697
0.0266522820174857,0.00184187324045918,0.0016273805887516,-0.00161787732350765
0.0266912473420727,0.00183715702298607,0.00160791028565224,-0.00162332370628833
0.0267302126666597,0.00183246866261415,0.00158843998255289,-0.001628770089069
0.0267691779912466,0.00182780837576875,0.00156896967945353,-0.00163421647184968
0.0268081433158336,0.00182317637887522,0.00154949937635417,-0.00163966285463036
0.0268471086404206,0.00181857288835889,0.00153002907325481,-0.00164510923741103
0.0268860739650075,0.0018139981206451,0.00151055877015545,-0.00165055562019171
0.0269250392895945,0.00180945229215918,0.00149108846705609,-0.00165600200297239
0.0269640046141815,0.00180493561932648,0.00147161816395673,-0.00166144838575307
0.0270029699387684,0.00180044831857234,0.00145214786085737,-0.00166689476853374
0.0270419352633554,0.00179599060632208,0.00143267755775801,-0.00167234115131442
0.0270809005879424,0.00179156269900106,0.00141320725465865,-0.0016777875340951
0.0271198659125293,0.0017871648130346,0.00139373695155929,-0.00168323391687577
0.0271588312371163,0.00178279716484805,0.00137426664845993,-0.00168868029965645
0.0271977965617033,0.00177845997086674,0.00135479634536057,-0.00169412668243713
0.0272367618862902,0.00177415344751601,0.00133532604226121,-0.0016995730652178
0.0272757272108772,0.00176987781122121,0.00131585573916185,-0.00170501944799848
0.0273146925354642,0.00176563327840766,0.00129638543606249,-0.00171046583077916
0.0273536578600512,0.00176142006550071,0.00127691513296313,-0.00171591221355983
0.0273926231846381,0.00175723838892569,0.00125744482986377,-0.00172135859634051
0.0274315885092251,0.00175308846510794,0.00123797452676441,-0.00172680497912119
0.0274705538338121,0.0017489705104728,0.00121850422366505,-0.00173225136190187
0.027509519158399,0.00174488474144561,0.00119903392056569,-0.00173769774468254
0.027548484482986,0.00174083137445171,0.00117956361746633,-0.00174314412746322
0.027587449807573,0.00173681062591643,0.00116009331436697,-0.0017485905102439
0.0276264151321599,0.00173282271226511,0.00114062301126761,-0.00175403689302457
0.0276653804567469,0.00172886784992309,0.00112115270816825,-0.00175948327580525
0.0277043457813339,0.00172494625531571,0.00110168240506889,-0.00176492965858593
0.0277433111059208,0.00172105814486831,0.00108221210196953,-0.0017703760413666
0.0277822764305078,0.00171720373500622,0.001059551630959,-0.00177582242414728
0.0278212417550948,0.00171338324215478,0.0010575509176622,-0.00179143270250159
0.0278602070796817,0.00170959688273933,0.00106072280993754,-0.0017881995986902
0.0278991724042687,0.00170584487318521,0.00105234354448091,-0.0017902319615629
0.0279381377288557,0.00170212742991776,0.00105822420221797,-0.00179340751991724
0.0279771030534426,0.00169844476936231,0.00106410485995503,-0.0018044278420683
0.0280160683780296,0.0016947971079442,0.0010699855176921,-0.00180519559906664
0.0280550337026166,0.00169118466208877,0.00107586617542916,-0.0018214035907907
0.0280939990272035,0.00168760764822136,0.00108174683316622,-0.00182847012480051
0.0281329643517905,0.00168406628276731,0.00108762749090328,-0.0018316935833562
0.0281719296763775,0.00168056078215195,0.00109350814864034,-0.00183491704191189
0.0282108950009644,0.00167709136280062,0.0010796141526445,-0.00183814050046758
0.0282498603255514,0.00167365824113867,0.00108204085429311,-0.00184136395902327
0.0282888256501384,0.00167026163359142,0.00108446755594171,-0.00184458741757896
0.0283277909747253,0.00166690175658421,0.00108689425759032,-0.00184781087613466
0.0283667562993123,0.0016635788265424,0.00108660594057851,-0.00186320593998703
0.0284057216238993,0.0016602930598913,0.00107873465822983,-0.00187406745260419
0.0284446869484862,0.00165704467305627,0.00107132764756989,-0.00186804212605
0.0284836522730732,0.00165383388246263,0.00106939812573457,-0.00187953281614582
0.0285226175976602,0.00165066090453573,0.00107047646802257,-0.00188777117717564
0.0285615829222471,0.0016475259557009,0.00107155481031057,-0.00189600953820546
0.0286005482468341,0.00164442925238349,0.00107263315259857,-0.00190424789923528
0.0286395135714211,0.00164137101100883,0.00107371149488657,-0.0019124862602651
0.028678478896008,0.00163835144800225,0.00107478983717457,-0.00192072462129492
0.028717444220595,0.0016353707797891,0.00107586817946258,-0.00192896298232474
0.028756409545182,0.00163242922279472,0.00107694652175058,-0.00193720134335456
0.0287953748697689,0.00162952699344444,0.00107802486403858,-0.00194543970438438
0.0288343401943559,0.0016266643081636,0.00107910320632658,-0.0019536780654142
0.0288733055189429,0.00162384138337754,0.00108018154861458,-0.00196191642644402
0.0289122708435298,0.00162105843551159,0.00108125989090258,-0.00197015478747384
0.0289512361681168,0.0016183156809911,0.00108233823319059,-0.00197839314850366
0.0289902014927038,0.00161561333624141,0.00108341657547859,-0.00198663150953348
0.0290291668172908,0.00161295161768784,0.00108449491776659,-0.0019948698705633
0.0290681321418777,0.00161033074175574,0.00108557326005459,-0.00200310823159312
0.0291070974664647,0.00160775092487045,0.00108665160234259,-0.00201134659262295
0.0291460627910517,0.0016052123834573,0.00108772994463059,-0.00201958495365277
0.0291850281156386,0.00160271533394164,0.00108880828691859,-0.00202782331468259
0.0292239934402256,0.0016002599927488,0.0010898866292066,-0.00203606167571241
0.0292629587648126,0.00159784657630411,0.00108275343746184,-0.00204430003674223
0.0293019240893995,0.00159547530103292,0.00109528742933343,-0.00205253839777205
0.0293408894139865,0.00159314638336057,0.00110782142120503,-0.00206077675880187
0.0293798547385735,0.00159086003971239,0.00112035541307662,-0.00206901511983169
0.0294188200631604,0.00158861648651372,0.00113288940494821,-0.00208447643563824
0.0294577853877474,0.0015864159401899,0.0011454233968198,-0.00209499923030694
0.0294967507123344,0.00158425861716627,0.00115795738869139,-0.00210550940314683
0.0295357160369213,0.00158214473386816,0.00117049138056298,-0.00211600976135015
0.0295746813615083,0.00158007450672092,0.00118302537243457,-0.00212279580626552
0.0296136466860953,0.00157804815214987,0.00119555936430616,-0.00210524184895648
0.0296526120106822,0.00157606588658037,0.00120809335617775,-0.00208768789164745
0.0296915773352692,0.00157412792643774,0.00122062734804935,-0.00207013393433841
0.0297305426598562,0.00157223448814733,0.00123316133992094,-0.00205257997702938
0.0297695079844431,0.00157038578813447,0.00124569533179253,-0.00203502601972034
0.0298084733090301,0.0015685820428245,0.00125822932366412,-0.00200997044075275
0.0298474386336171,0.00156682346864276,0.00127076331553571,-0.0019808287464127
0.029886403958204,0.00156511028201459,0.0012832973074073,-0.0019528493203223
0.029925369282791,0.00156344269936532,0.00129583129927889,-0.00192427248572708
0.029964334607378,0.0015618209371203,0.00130836529115048,-0.00189632407834045
0.0300032999319649,0.00156024521170486,0.00132089928302207,-0.00187261799096045
0.0300422652565519,0.00155871573954433,0.00133343327489367,-0.00184891190358044
0.0300812305811389,0.00155723273706407,0.00134596726676526,-0.00182520581620044
0.0301201959057258,0.0015557964206894,0.00135850125863685,-0.00180149972882043
0.0301591612303128,0.00155440700684566,0.00137103525050844,-0.00177779364144043
0.0301981265548998,0.00155306471195819,0.00138356924238003,-0.00175408755406042
0.0302370918794867,0.00155176975245234,0.00139610323425162,-0.00173038146668042
0.0302760572040737,0.00155052234475343,0.00140863722612321,-0.00170667537930041
0.0303150225286607,0.0015493227052868,0.0014211712179948,-0.00168296929192041
0.0303539878532476,0.0015481710504778,0.00143370520986639,-0.0016592632045404
0.0303929531778346,0.00154706759675176,0.00144623920173799,-0.0016355571171604
0.0304319185024216,0.00154601256053402,0.00145877319360958,-0.00161185102978039
0.0304708838270085,0.00154500615824992,0.00147130718548117,-0.00158814494240039
0.0305098491515955,0.0015440486063248,0.00148384117735276,-0.00156443885502038
0.0305488144761825,0.00154314012118398,0.00149637516922435,-0.00154073276764038
0.0305877798007694,0.00154228091925282,0.00150890916109594,-0.00151702668026037
0.0306267451253564,0.00154147121695665,0.00152144315296753,-0.00149332059288037
0.0306657104499434,0.00154071123072081,0.00153397714483912,-0.00146961450550036
0.0307046757745304,0.00154000117697063,0.00154651113671071,-0.00144590841812036
0.0307436410991173,0.00153934127213145,0.00155904512858231,-0.00142220233074035
0.0307826064237043,0.00153873173262862,0.0015715791204539,-0.00139849624336035
0.0308215717482913,0.00153817277488747,0.00158411311232549,-0.00137479015598034
0.0308605370728782,0.00153766461533333,0.00159664710419708,-0.00135108406860034
0.0308995023974652,0.00153720747039155,0.00160918109606867,-0.00134156273232978
0.0309384677220522,0.00153680155648746,0.00162171508794026,-0.00132960596929793
0.0309774330466391,0.00153644709004641,0.00163424907981185,-0.00134698139557736
0.0310163983712261,0.00153614428749372,0.00164678307168344,-0.00133322540391302
0.0310553636958131,0.00153589336525475,0.00165931706355504,-0.00131946941224869
0.0310943290204,0.00153569453975482,0.00167185105542663,-0.00130571342058436
0.031133294344987,0.00153554802741927,0.00168438504729822,-0.00129195742892002
0.031172259669574,0.00153545404467344,0.00169691903916981,-0.00127820143725569
0.0312112249941609,0.00153541280794268,0.0017094530310414,-0.00126444544559136
0.0312501903187479,0.00153542453365231,0.00172198702291299,-0.00125068945392702
0.0312891556433349,0.00153548943822768,0.00173452101478458,-0.00123693346226269
0.0313281209679218,0.00153560773809412,0.00174705500665617,-0.00122317747059836
0.0313670862925088,0.00153577964967698,0.00175958899852776,-0.00120942147893403
0.0314060516170958,0.00153600538940158,0.00177212299039936,-0.00119566548726969
0.0314450169416827,0.00153628517369327,0.00178465698227095,-0.00119407869999542
0.0314839822662697,0.00153661921897739,0.00179719097414254,-0.0012037260679777
0.0315229475908567,0.00153700774167927,0.00180972496601413,-0.00120884437321305
0.0315619129154436,0.00153745095822426,0.00182225895788572,-0.0012139626784484
0.0316008782400306,0.00153794908503768,0.00181338971009464,-0.00121908098368376
0.0316398435646176,0.00153850233854489,0.00182027360841551,-0.00122419928891911
0.0316788088892045,0.00153911093517121,0.00181925488413326,-0.00123478543944319
0.0317177742137915,0.00153977509134198,0.00181718558446894,-0.00124998082510859
0.0317567395383785,0.00154049502348255,0.00182261753622208,-0.00126369965570534
0.0317957048629654,0.00154127094801824,0.00180942023287704,-0.00127366167720244
0.0318346701875524,0.00154210308137441,0.00180855241753368,-0.00129075952525381
0.0318736355121394,0.00154299163997638,0.00180768460219033,-0.00130721194266613
0.0319126008367263,0.00154393684024949,0.00180681678684697,-0.00132585207006274
0.0319515661613133,0.00154493889861909,0.00179740028625029,-0.00134100579212109
0.0319905314859003,0.00154599803151051,0.00179816714304016,-0.00135615297616374
0.0320294968104872,0.00154711445534908,0.00180511711463001,-0.00136703694671177
0.0320684621350742,0.00154828838656015,0.00179520167934356,-0.00136955420406619
0.0321074274596612,0.00154952004156906,0.00180216841989597,-0.00138468186612759
0.0321463927842481,0.00155080963680114,0.00180609559266852,-0.00138292993857982
0.0321853581088351,0.00155215738868173,0.00179924191279907,-0.00138978533902518
0.0322243234334221,0.00155356351363617,0.0018062235573413,-0.00139967547283738
0.032263288758009,0.00155502822808979,0.00175583890768579,-0.00140773507267426
0.032302254082596,0.00155655174846794,0.00167842641827927,-0.00142647993189646
0.032341219407183,0.00155813429119595,0.00160101392887275,-0.00142930649772843
0.0323801847317699,0.00155977607269916,0.00152360143946623,-0.00142290939634812
0.0324191500563569,0.00156147730940292,0.00144618895005971,-0.00142986579227669
0.0324581153809439,0.00156323821773254,0.00136877646065319,-0.00141891096804379
0.0324970807055309,0.00156505901411339,0.00129136397124667,-0.0014079561438109
0.0325360460301178,0.00156693991497078,0.00121395148184015,-0.001397001319578
0.0325750113547048,0.00156888113673007,0.00117753913108287,-0.00138604649534511
0.0326139766792918,0.00157088289581658,0.00116770926366878,-0.00137509167111221
0.0326529420038787,0.00157294540865566,0.00117475855353139,-0.00136413684687932
0.0326919073284657,0.00157506889167265,0.001181807843394,-0.00135318202264642
0.0327308726530527,0.00157725356129287,0.00117502735640124,-0.00134222719841353
0.0327698379776396,0.00157949963394168,0.00117905035916439,-0.00133127237418063
0.0328088033022266,0.00158180732604441,0.00117871716969078,-0.00132031754994774
0.0328477686268136,0.0015841768540264,0.00117684405221632,-0.00130936272571484
0.0328867339514005,0.00158660843431298,0.00118461757285348,-0.00129840790148195
0.0329256992759875,0.00158910228332949,0.00119239109349064,-0.00128745307724905
0.0329646646005745,0.00159165861750127,0.0012001646141278,-0.00127649825301616
0.0330036299251614,0.00159427765325366,0.00120793813476496,-0.00126554342878326
0.0330425952497484,0.001596959607012,0.00121571165540212,-0.00125458860455037
0.0330815605743354,0.00159970469520163,0.00122348517603928,-0.00125482581170728
0.0331205258989223,0.00160251313424787,0.00123125869667644,-0.00129314104415583
0.0331594912235093,0.00160538514057608,0.0012390322173136,-0.00133279301849581
0.0331984565480963,0.00160832093061159,0.00124680573795077,-0.00138155685241048
0.0332374218726832,0.00161132072077973,0.00125457925858793,-0.0014095060168004
0.0332763871972702,0.00161438472750585,0.00126235277922509,-0.00143745518119033
0.0333153525218572,0.00161751316721528,0.00127012629986225,-0.00146540434558026
0.0333543178464441,0.00162070625633337,0.00127789982049941,-0.00150569901526602
0.0333932831710311,0.00162396421128544,0.00128567334113657,-0.00152004755655064
0.0334322484956181,0.00162728724849684,0.00129344686177373,-0.00153439609783527
0.033471213820205,0.0016306755843929,0.00130122038241089,-0.00154874463911989
0.033510179144792,0.00163412943539897,0.00130899390304805,-0.00156309318040451
0.033549144469379,0.00163764901794038,0.00131676742368521,-0.00157744172168913
0.0335881097939659,0.00164123454844247,0.00132454094432238,-0.00159179026297375
0.0336270751185529,0.00164488624333058,0.00133231446495954,-0.00160613880425837
0.0336660404431399,0.00164860431903004,0.0013400879855967,-0.00162048734554299
0.0337050057677268,0.00165238899196619,0.00134786150623386,-0.00163483588682761
0.0337439710923138,0.00165624047856438,0.00135563502687102,-0.00164918442811223
0.0337829364169008,0.00166015899524993,0.00136340854750818,-0.00166353296939685
0.0338219017414877,0.0016641447584482,0.00137118206814534,-0.00167788151068147
0.0338608670660747,0.0016681979845845,0.00140085122025118,-0.00169623069563
0.0338998323906617,0.00167231889008419,0.00142407502947155,-0.00170018589138081
0.0339387977152486,0.00167650769137261,0.00144729883869193,-0.00170414108713162
0.0339777630398356,0.00168076460487508,0.0014705226479123,-0.00170809628288243
0.0340167283644226,0.00168508984701695,0.00149374645713267,-0.00171205147863324
0.0340556936890095,0.00168948363422355,0.00151697026635304,-0.00171600667438405
0.0340946590135965,0.00169394618292023,0.00154019407557342,-0.00172774122099737
0.0341336243381835,0.00169847770953232,0.00156341788479379,-0.00173718998668348
0.0341725896627705,0.00170307843048516,0.00155850521258825,-0.00174259101195801
0.0342115549873574,0.00170774856220409,0.00157091491635711,-0.00174799203723253
0.0342505203119444,0.00171248832111444,0.00159822351918517,-0.00175339306250706
0.0342894856365313,0.00171729792364156,0.00157906099188911,-0.00175879408778159
0.0343284509611183,0.00172217758621078,0.00158987618639446,-0.00176419511305612
0.0343674162857053,0.00172712752524744,0.00160069138089982,-0.00176959613833064
0.0344063816102923,0.00173214795717687,0.00161150657540517,-0.00177499716360517
0.0344453469348792,0.00173723909842442,0.00162232176991053,-0.0017803981888797
0.0344843122594662,0.00174240116541543,0.00163313696441588,-0.00178579921415423
0.0345232775840532,0.00174763437457523,0.00164395215892124,-0.00179120023942875
0.0345622429086401,0.00175293894232915,0.0016547673534266,-0.00179660126470328
0.0346012082332271,0.00175831508510255,0.00166558254793195,-0.00180200228997781
0.0346401735578141,0.00176376301932075,0.00167639774243731,-0.00180740331525234
0.034679138882401,0.00176928296140909,0.00168721293694266,-0.00181280434052687
0.034718104206988,0.00177487512779292,0.00169802813144802,-0.00181820536580139
0.034757069531575,0.00178053973489756,0.00170884332595338,-0.00182360639107592
0.0347960348561619,0.00178627699914837,0.00171965852045873,-0.00182900741635045
0.0348350001807489,0.00179208713697067,0.00173047371496409,-0.00183440844162497
0.0348739655053359,0.0017979703647898,0.00174128890946944,-0.0018398094668995
0.0349129308299228,0.00180392689903111,0.0017521041039748,-0.00184521049217403
0.0349518961545098,0.00180995695611992,0.00176291929848015,-0.00185061151744856
0.0349908614790968,0.00181606075248159,0.00177373449298551,-0.00185601254272309
0.0350298268036837,0.00182223850454144,0.00178454968749087,-0.00186141356799761
0.0350687921282707,0.00182849042872481,0.00179536488199622,-0.00186681459327214
0.0351077574528577,0.00183481674145705,0.00180618007650158,-0.00187221561854667
0.0351467227774446,0.00184121765916348,0.00181699527100693,-0.0018776166438212
0.0351856881020316,0.00184769339826946,0.00181923646964014,-0.00188301766909572
0.0352246534266186,0.00185424417520031,0.00184337329644602,-0.00188841869437025
0.0352636187512055,0.00186087020638137,0.00187394481826907,-0.00190437409868464
0.0353025840757925,0.00186757170823799,0.00188115707595601,-0.00191530165937193
0.0353415494003795,0.0018743488971955,0.00189754047928757,-0.00192863156970172
0.0353805147249664,0.00188120198967923,0.00189806336441657,-0.00193700658773886
0.0354194800495534,0.00188813120211453,0.00188591800140806,-0.00194702337852284
0.0354584453741404,0.00189513675092674,0.00189312718839116,-0.00196388210523563
0.0354974106987273,0.00190221885254119,0.00190033637537425,-0.00197225903188419
0.0355363760233143,0.00190937772338322,0.00190602539765474,-0.00199015238754342
0.0355753413479013,0.00191661357987816,0.00189787942746042,-0.00198294520957334
0.0356143066724882,0.00192392663845137,0.00189312770741723,-0.00199261315156237
0.0356532719970752,0.00193131711552816,0.00187854464240584,-0.00198541108774282
0.0356922373216622,0.00193878522753389,0.00188574828794338,-0.00197820902392328
0.0357312026462492,0.00194633119089389,0.00187088902124433,-0.00197100696010373
0.0357701679708361,0.0019539552220335,0.00185926934889432,-0.00196380489628418
0.0358091332954231,0.00196165753737806,0.00184764967654432,-0.00195660283246463
0.0358480986200101,0.0019694383533529,0.00183603000419431,-0.0019567491205339
0.035887063944597,0.00197729788638336,0.0018244103318443,-0.00194433375545128
0.035926029269184,0.00198523635289478,0.00181279065949429,-0.00195382998792555
0.035964994593771,0.00199325396931251,0.00180117098714428,-0.00194869369403012
0.0360039599183579,0.00200135095206186,0.00178955131479427,-0.00194355740013469
0.0360429252429449,0.0020095275175682,0.00177793164244426,-0.00193842110623926
0.0360818905675319,0.00201778388225684,0.00176631197009425,-0.00193328481234383
0.0361208558921188,0.00202612026255314,0.00175469229774425,-0.0019281485184484
0.0361598212167058,0.00203453687488242,0.00174307262539424,-0.00192301222455297
0.0361987865412928,0.00204303393567004,0.00173145295304423,-0.00191787593065754
0.0362377518658797,0.00205161166134131,0.0017148903990496,-0.00193312745239119
0.0362767171904667,0.00206027026832159,0.0017165811415942,-0.00194343607453413
0.0363156825150537,0.00206900997303621,0.00171827188413881,-0.00195374469667706
0.0363546478396406,0.00207783099191051,0.00171996262668341,-0.00196405331882
0.0363936131642276,0.00208673354136982,0.00172165336922801,-0.00197436194096293
0.0364325784888146,0.00209571783783949,0.00172334411177262,-0.00198467056310587
0.0364715438134015,0.00210478409774486,0.00172503485431722,-0.0019949791852488
0.0365105091379885,0.00211393253751125,0.00172672559686183,-0.00200528780739174
0.0365494744625755,0.00212316337356401,0.00172841633940643,-0.00201559642953468
0.0365884397871624,0.00213247682232848,0.00173010708195104,-0.00202590505167761
0.0366274051117494,0.00214187310023,0.00173179782449564,-0.00203621367382055
0.0366663704363364,0.0021513524236939,0.00173348856704025,-0.00204652229596348
0.0367053357609233,0.00216091500914552,0.00173517930958485,-0.00205683091810642
0.0367443010855103,0.00217056107301019,0.00173687005212946,-0.00205987995257105
0.0367832664100973,0.00218029083171327,0.00173856079467406,-0.0020475272967056
0.0368222317346842,0.00219010450168008,0.00174025153721866,-0.00210768777401012
0.0368611970592712,0.00220000229933596,0.00174194227976327,-0.00211743478838944
0.0369001623838582,0.00220998444110625,0.00174363302230787,-0.00213748957713742
0.0369391277084451,0.0022200511434163,0.00174532376485248,-0.00215761468179957
0.0369780930330321,0.00223020262269143,0.00174701450739708,-0.00217393287761315
0.0370170583576191,0.00224043909535698,0.00174870524994169,-0.00218240918079872
0.037056023682206,0.0022507607778383,0.00175039599248629,-0.0022005418995015
0.037094989006793,0.00226116788656072,0.0017520867350309,-0.00220193278955581
0.03713395433138,0.00227166063794958,0.0017537774775755,-0.00220332367961013
0.0371729196559669,0.00228223924843022,0.00175546822012011,-0.00220471456966444
0.0372118849805539,0.00229290393442797,0.00175715896266471,-0.00220610545971876
0.0372508503051409,0.00230365491236817,0.00175884970520931,-0.00220749634977307
0.0372898156297279,0.00231449239867617,0.00176054044775392,-0.00220888723982739
0.0373287809543148,0.00232541660977729,0.00176223119029852,-0.0022102781298817
0.0373677462789018,0.00233642776209689,0.00176392193284313,-0.00221166901993602
0.0374067116034888,0.00234752607206028,0.00176561267538773,-0.00221305990999033
0.0374456769280757,0.00235871175609283,0.00176730341793234,-0.0022093953798904
0.0374846422526627,0.00236998503061985,0.00176899416047694,-0.00218025156295059
0.0375236075772497,0.00238134611206669,0.00177068490302155,-0.00166224777408187
0.0375625729018366,0.00239279521685869,0.00176178347372303,-0.00164222614581955
0.0376015382264236,0.00240433256142119,0.00178797164434191,-0.00164222614581955
0.0376405035510106,0.00241595836217951,0.00182058903538289,-0.00164222614581955
0.0376794688755975,0.00242767283555902,0.00182933647401131,-0.00164222614581955
0.0377184342001845,0.00243947619798502,0.00185149792614525,-0.00164222614581955
0.0377573995247715,0.00245136866588288,0.00185850344697926,-0.00164222614581955
0.0377963648493584,0.00246335045567793,0.00186550896781327,-0.00164222614581955
0.0378353301739454,0.00247542178379549,0.00187251448864727,-0.00164222614581955
0.0378742954985324,0.00248758286666092,0.00186857113770195,-0.00164222614581955
0.0379132608231193,0.00249983392069955,0.00186962654397161,-0.00164222614581955
0.0379522261477063,0.00251217516233672,0.0018766090942521,-0.00164222614581955
0.0379911914722933,0.00252460680799776,0.00186670951919318,-0.00164222614581955
0.0380301567968802,0.00253712907410801,0.0018736707004662,-0.00164222614581955
0.0380691221214672,0.00254974217709282,0.00188063188173923,-0.00164222614581955
0.0381080874460542,0.00256244633337751,0.00188759306301226,-0.00164222614581955
0.0381470527706411,0.00257524175938744,0.00187766697781276,-0.00164222614581955
0.0381860180952281,0.00258812867154793,0.00188460435191635,-0.00164222614581955
0.0382249834198151,0.00260110728628432,0.00189154172601993,-0.00164222614581955
0.038263948744402,0.00261417782002196,0.00188159583580605,-0.00164222614581955
0.038302914068989,0.00262734048918618,0.00188765467819079,-0.00164222614581955
0.038341879393576,0.00264059551020231,0.00187855416171558,-0.00164222614581955
0.0383808447181629,0.0026539430994957,0.00186858491733355,-0.00164222614581955
0.0384198100427499,0.00266738347349168,0.0018754828762164,-0.00164222614581955
0.0384587753673369,0.0026809168486156,0.00186549748860845,-0.00164222614581955
0.0384977406919238,0.00269454344129278,0.00186229717262278,-0.00164222614581955
0.0385367060165108,0.00270826346794858,0.00186238126666002,-0.00164222614581955
0.0385756713410978,0.00272207714500832,0.00184872584640503,-0.00164222614581955
0.0386146366656847,0.00273598468889734,0.00184235853820821,-0.00164222614581955
0.0386536019902717,0.00274998631604099,0.00182529071738467,-0.00164222614581955
0.0386925673148587,0.00276408224286459,0.00181264982012217,-0.00164222614581955
0.0387315326394456,0.0027782726857935,0.00179539126867234,-0.00164222614581955
0.0387704979640326,0.00279255786125304,0.00178934669990502,-0.00164222614581955
0.0388094632886196,0.00280693798566855,0.00179094457700765,-0.00164222614581955
0.0388484286132066,0.00282141327546538,0.00178209404797786,-0.00164222614581955
0.0388873939377935,0.00283598394706885,0.00177724123106991,-0.00164222614581955
0.0389263592623805,0.00285065021690432,0.00176194020636993,-0.00164222614581955
